ar_window,objective,sharpe,total_return,max_drawdown,closed_trades,trade_win_rate,eligible
12,-2.843510409492198,-2.843510409492198,-0.22828120092246373,-0.24582819196394645,417,0.41247002398081534,True
18,-3.517990527509749,-3.517990527509749,-0.29118235820587723,-0.29985952183142817,426,0.42488262910798125,True
24,-3.212382744294138,-3.212382744294138,-0.2877628721919018,-0.2940931237237481,389,0.40359897172236503,True
36,-4.0894278838282725,-4.0894278838282725,-0.3697320210087425,-0.3719313103394586,315,0.4126984126984127,True
48,-0.9317034816537668,-0.9317034816537668,-0.09664571683964018,-0.11726473573041785,260,0.5346153846153846,True
72,-0.41173582485684057,-0.41173582485684057,-0.05019859500355406,-0.10585680514592177,203,0.5812807881773399,True
96,-0.9936413543336189,-0.9936413543336189,-0.10044373483159419,-0.18590489902013174,182,0.532967032967033,True
120,-0.5145289501884761,-0.5145289501884761,-0.06187770159793993,-0.13336269766084674,140,0.5428571428571428,True
168,-2.3293525301121,-2.3293525301121,-0.2548655407500461,-0.2675676069656341,113,0.4778761061946903,True
240,-1.7526294219452094,-1.7526294219452094,-0.18360131162591498,-0.23968215166904983,111,0.5585585585585585,True
