entry,exit,objective,sharpe,total_return,max_drawdown,closed_trades,trade_win_rate,eligible
1.0,0.0,0.3917533748761116,0.3917533748761116,0.10176560082359076,-0.38602733577139403,1033,0.5537270087124879,True
1.0,0.25,-0.19566970080664245,-0.19566970080664245,-0.15240794822163872,-0.4053070824938496,1134,0.5379188712522046,True
1.0,0.5,-1.0579895007923228,-1.0579895007923228,-0.3937937869879997,-0.5859057166864778,1226,0.5252854812398042,True
1.0,0.75,-1.428363450531775,-1.428363450531775,-0.4609006095093223,-0.6392346146647339,1345,0.5018587360594795,True
1.25,0.0,0.7463562860230856,0.7463562860230856,0.2982554625700291,-0.3942703251114923,870,0.542528735632184,True
1.25,0.25,0.3175718702175479,0.3175718702175479,0.0659287009228291,-0.3948897965628676,929,0.5231431646932185,True
1.25,0.5,-0.444924863673506,-0.444924863673506,-0.20498855007252503,-0.5578371363473962,976,0.5122950819672131,True
1.25,0.75,-0.6205997628185664,-0.6205997628185664,-0.24355255720581392,-0.569614778788017,1031,0.49466537342386036,True
1.25,1.0,-0.9772131698529498,-0.9772131698529498,-0.31113788384883134,-0.542071031206099,1086,0.4631675874769797,True
1.5,0.0,0.7762432014508677,0.7762432014508677,0.29619854355418695,-0.4497573665989558,680,0.5264705882352941,True
1.5,0.25,0.6516262174004374,0.6516262174004374,0.21576947455747675,-0.3572710452697988,716,0.5139664804469274,True
1.5,0.5,-0.0913636329755226,-0.0913636329755226,-0.07935289108132071,-0.4708384584083559,742,0.5121293800539084,True
1.5,0.75,-0.0960239719183918,-0.0960239719183918,-0.07422377019047888,-0.46339196024902074,766,0.48433420365535246,True
1.5,1.0,-0.2757362605737445,-0.2757362605737445,-0.11670430537367282,-0.4121124316125703,787,0.4663278271918678,True
1.75,0.0,1.0908423552815494,1.0908423552815494,0.4322036522948358,-0.29204454064603336,485,0.5257731958762887,True
1.75,0.25,1.0889654844983765,1.0889654844983765,0.39508246594079743,-0.21072210978783235,498,0.5160642570281124,True
1.75,0.5,0.8758705082159954,0.8758705082159954,0.2714190869829083,-0.2557803275449919,512,0.5,True
1.75,0.75,0.952563671590353,0.952563671590353,0.28988241271894233,-0.22698301690024958,527,0.476280834914611,True
1.75,1.0,0.11011080851580599,0.11011080851580599,-0.00037918897094657567,-0.2860863767774924,532,0.4492481203007519,True
2.0,0.0,0.9345840334225948,0.9345840334225948,0.27395747975688867,-0.18245804732794646,330,0.5151515151515151,True
2.0,0.25,0.9036300544885705,0.9036300544885705,0.23854509964459503,-0.13568844161215365,334,0.5119760479041916,True
2.0,0.5,0.5769406488286855,0.5769406488286855,0.1255642000725452,-0.1696785329226428,341,0.49853372434017595,True
2.0,0.75,0.43567219605390095,0.43567219605390095,0.08329672266843291,-0.16585656071532362,345,0.4608695652173913,True
2.0,1.0,-0.23809209682031873,-0.23809209682031873,-0.06904378682262569,-0.18720059021338165,347,0.43804034582132567,True
2.25,0.0,0.8101909519066184,0.8101909519066184,0.21008915530556105,-0.1877245005432534,240,0.5083333333333333,True
2.25,0.25,0.6652990221209086,0.6652990221209086,0.14906376172033076,-0.14205875749004948,244,0.5,True
2.25,0.5,0.35293979787706276,0.35293979787706276,0.06060401159594275,-0.1943535959390318,250,0.484,True
2.25,0.75,0.21347996835016073,0.21347996835016073,0.02764309117179331,-0.17892074570732475,252,0.44841269841269843,True
2.25,1.0,-0.5163737853986883,-0.5163737853986883,-0.10940385576913325,-0.2401245676548086,254,0.4251968503937008,True
2.5,0.0,1.1114014517256452,1.1114014517256452,0.29686121052880887,-0.19430081895232143,191,0.5026178010471204,True
2.5,0.25,0.688393956430639,0.688393956430639,0.1483541185300834,-0.14900479339878947,193,0.48186528497409326,True
2.5,0.5,0.23290698424284903,0.23290698424284903,0.0319057239742786,-0.1483766882345744,199,0.4623115577889447,True
2.5,0.75,0.0632215423885788,0.0632215423885788,-0.0030064414059584044,-0.16536121548569283,201,0.417910447761194,True
2.5,1.0,-0.7077537646074199,-0.7077537646074199,-0.13378301781354107,-0.22538307689405201,203,0.3891625615763547,True
3.0,0.0,0.8320390289261119,0.8320390289261119,0.1860187930444004,-0.19462475553408065,136,0.4852941176470588,True
3.0,0.25,0.4515696224023719,0.4515696224023719,0.07906135881753995,-0.16449720807187995,137,0.45255474452554745,True
3.0,0.5,0.03160201906785334,0.03160201906785334,-0.008653544406832414,-0.1664084752665329,142,0.4295774647887324,True
3.0,0.75,-0.10767397010585172,-0.10767397010585172,-0.0323211951093626,-0.16933984461672413,143,0.40559440559440557,True
3.0,1.0,-0.7132728063691358,-0.7132728063691358,-0.12356180218966484,-0.1970214770782036,145,0.38620689655172413,True
